Title,Type,BodyPart,Level,Time,Sets,B_Reps,I_Reps
Fire Hydrant,Strength,Abductors,Beginner,3,3,10,20
Monster Walk,Strength,Abductors,Intermediate,3,3,10,20
Dynamic pigeon stretch,Strength,Abductors,Intermediate,3,3,10,20
Cross-over jack,Strength,Abductors,Intermediate,3,3,10,20
Traveling thigh killa,Strength,Abductors,Intermediate,3,3,10,20
FYR Thigh Killa,Strength,Abductors,Intermediate,3,3,10,20
HM Frog Stretch,Strength,Abductors,Intermediate,3,3,10,20
HM Kick-Out,Strength,Abductors,Intermediate,3,3,10,20
MetaBurn Groiner,Strength,Abductors,Intermediate,3,3,10,20
Lateral hop,Plyometrics,Adductors,Intermediate,3,3,10,20
Carioca quick step,Plyometrics,Adductors,Intermediate,3,3,10,20
Lateral cone hop,Plyometrics,Adductors,Intermediate,3,3,10,20
Side-To-Side Adductor Stretch,Strength,Adductors,Intermediate,3,3,10,20
HM Left Leg Swing,Strength,Adductors,Intermediate,3,3,10,20
UNS Foam Roll Adductor,Strength,Adductors,Intermediate,3,3,10,20
Side-lying leg adduction scissor,Strength,Adductors,Intermediate,3,3,10,20
TBS Chin-Up,Strength,Biceps,Intermediate,3,3,10,20
Pull-up - Gethin Variation,Strength,Biceps,Intermediate,3,3,10,20
UN Pull-Up Supinated,Strength,Biceps,Intermediate,3,3,10,20
UN Pull-Up Pronated,Strength,Biceps,Intermediate,3,3,10,20
UN Pull-Up Neutral,Strength,Biceps,Intermediate,3,3,10,20
Standing Calf Raise,Strength,Calves,Intermediate,3,3,10,20
Standing calf raise-,Strength,Calves,Intermediate,3,3,10,20
HM Left Calf-Spike Sumo Pulse,Strength,Calves,Intermediate,3,3,10,20
Incline Push-Up Depth Jump,Plyometrics,Chest,Intermediate,3,3,10,20
Plyo push-up,Plyometrics,Chest,Beginner,3,3,10,20
Isometric Chest Squeezes,Plyometrics,Chest,Beginner,3,3,10,20
Superman Push-Up,Plyometrics,Chest,Beginner,3,3,10,20
Clapping Push-Up,Plyometrics,Chest,Beginner,3,3,10,20
Triple Clap Push-Up,Plyometrics,Chest,Beginner,3,3,10,20
Pushups,Strength,Chest,Intermediate,3,3,10,20
Incline Push-Up,Strength,Chest,Intermediate,3,3,10,20
Hands-elevated push-up,Strength,Chest,Beginner,3,3,10,20
Decline Push-Up,Strength,Chest,Intermediate,3,3,10,20
Single-Arm Push-Up,Strength,Chest,Beginner,3,3,10,20
Close push-up to wide push-up,Strength,Chest,Intermediate,3,3,10,20
Wide-grip hands-elevated push-up,Strength,Chest,Beginner,3,3,10,20
Push-Ups With Feet On An Exercise Ball,Strength,Chest,Intermediate,3,3,10,20
Feet-elevated push-up,Strength,Chest,Intermediate,3,3,10,20
Isometric Wipers,Strength,Chest,Beginner,3,3,10,20
Clock push-up,Strength,Chest,Beginner,3,3,10,20
Push-Up Wide,Strength,Chest,Beginner,3,3,10,20
Sphinx push-up,Strength,Chest,Intermediate,3,3,10,20
Close-Hands Push-Up,Strength,Chest,Beginner,3,3,10,20
Tiger-bend push-up,Strength,Chest,Beginner,3,3,10,20
Close-grip hands-elevated push-up,Strength,Chest,Intermediate,3,3,10,20
Suspended push-up,Strength,Chest,Intermediate,3,3,10,20
Push Up to Side Plank,Strength,Chest,Intermediate,3,3,10,20
Side-to-side push-up,Strength,Chest,Beginner,3,3,10,20
Typewriter push-up,Strength,Chest,Beginner,3,3,10,20
Diamond push-up,Strength,Chest,Intermediate,3,3,10,20
Judo push-up,Strength,Chest,Beginner,3,3,10,20
Wide push-up,Strength,Chest,Beginner,3,3,10,20
One-Arm Push-Up,Strength,Chest,Beginner,3,3,10,20
Staggered push-up,Strength,Chest,Beginner,3,3,10,20
Reverse-grip hands-elevated push-up,Strength,Chest,Beginner,3,3,10,20
Side kick-through push-up,Strength,Chest,Intermediate,3,3,10,20
FYR Push-Up,Strength,Chest,Intermediate,3,3,10,20
Frog push-up,Strength,Chest,Intermediate,3,3,10,20
Wide push-up plank hold,Strength,Chest,Intermediate,3,3,10,20
Close push-up,Strength,Chest,Intermediate,3,3,10,20
Push-Up - Gethin Variation,Strength,Chest,Intermediate,3,3,10,20
HM Incline Push-Up On Chair,Strength,Chest,Intermediate,3,3,10,20
HM Push-Up,Strength,Chest,Intermediate,3,3,10,20
HM Push-Plank,Strength,Chest,Intermediate,3,3,10,20
AM Chest Dips,Strength,Chest,Intermediate,3,3,10,20
Push-up,Strength,Chest,Intermediate,3,3,10,20
UP Push-up,Strength,Chest,Intermediate,3,3,10,20
UN Push-Up,Strength,Chest,Intermediate,3,3,10,20
UNS Foam Roll Pecs,Strength,Chest,Intermediate,3,3,10,20
UN Hands Elevated Push-Up,Strength,Chest,Intermediate,3,3,10,20
Holman Seal Drag to Push-Up,Strength,Chest,Intermediate,3,3,10,20
Holman Hand-Elevated Push-Up with Hand Row,Strength,Chest,Intermediate,3,3,10,20
Holman Push-Up,Strength,Chest,Intermediate,3,3,10,20
Holman Slow Hips-Up Chest Press,Strength,Chest,Intermediate,3,3,10,20
Holman Jump-Out Push-Up with Hand Hop Back,Strength,Chest,Intermediate,3,3,10,20
Holman Froggy Push-Up to Donkey Kick,Strength,Chest,Intermediate,3,3,10,20
Holman Push-Up to Sit Back,Strength,Chest,Intermediate,3,3,10,20
Holman Sit Back Push-Up,Strength,Chest,Intermediate,3,3,10,20
Holman Alternating Staggered Push-Up,Strength,Chest,Intermediate,3,3,10,20
Holman Foot-Up Diving Push-Up,Strength,Chest,Intermediate,3,3,10,20
Holman Narrow Push-Up,Strength,Chest,Intermediate,3,3,10,20
Holman Dynamo Push-Up,Strength,Chest,Intermediate,3,3,10,20
Holman Jump to Push-Up,Strength,Chest,Intermediate,3,3,10,20
Holman Foot-Elevated Push-Up,Strength,Chest,Intermediate,3,3,10,20
Holman Feet-Elevated Push-Up,Strength,Chest,Intermediate,3,3,10,20
Total Fitness Plyo Push-Up,Strength,Chest,Intermediate,3,3,10,20
Scapular push-up,Strength,Chest,Intermediate,3,3,10,20
King Maker Push-up,Strength,Chest,Intermediate,3,3,10,20
Warrior push-up,Strength,Chest,Intermediate,3,3,10,20
Taylor Roll-Over Push-Up,Strength,Chest,Intermediate,3,3,10,20
Taylor One-Arm Push-Up Slow Negative,Strength,Chest,Intermediate,3,3,10,20
30 Chest Push-Up To Isometric Hold,Strength,Chest,Intermediate,3,3,10,20
30 Chest Push-Up,Strength,Chest,Intermediate,3,3,10,20
30 Chest Bench Push-Up,Strength,Chest,Intermediate,3,3,10,20
MetaBurn 3-Phase Push-Up,Strength,Chest,Intermediate,3,3,10,20
MetaBurn Fast Feet To Push-Up,Strength,Chest,Intermediate,3,3,10,20
MetaBurn Judo Push-Up To Pike Push-Up,Strength,Chest,Intermediate,3,3,10,20
MetaBurn Pike Push-Up,Strength,Chest,Intermediate,3,3,10,20
MetaBurn Push-Up To Frogger,Strength,Chest,Intermediate,3,3,10,20
MetaBurn Push-Up With Hand Side-Step,Strength,Chest,Intermediate,3,3,10,20
MetaBurn Push-Up With Hand-Up Rotation,Strength,Chest,Intermediate,3,3,10,20
MetaBurn Sphinx Push-Up,Strength,Chest,Intermediate,3,3,10,20
MetaBurn Spiderman Push-Up,Strength,Chest,Intermediate,3,3,10,20
Roberston Push-up to Down Dog,Strength,Chest,Intermediate,3,3,10,20
FYR2 Push-Up-Breakdancer-Shoulder-Tap Complex,Strength,Chest,Intermediate,3,3,10,20
ACFT Hand-release push-up,Strength,Chest,Intermediate,3,3,10,20
1.5-rep push-up,Strength,Chest,Intermediate,3,3,10,20
ACFT Triple-clap push-up,Strength,Chest,Intermediate,3,3,10,20
ACFT Superman push-up,Strength,Chest,Intermediate,3,3,10,20
Cross-over push-up,Strength,Chest,Intermediate,3,3,10,20
Mountain climber,Plyometrics,Core,Intermediate,3,3,10,20
Wall mountain climber,Plyometrics,Core,Intermediate,3,3,10,20
Slalom jumps,Plyometrics,Core,Intermediate,3,3,10,20
Elbow plank,Strength,Core,Intermediate,1,3,30,60
Bottoms Up,Strength,Core,Intermediate,3,3,10,20
Spider crawl,Strength,Core,Intermediate,3,3,10,20
Cocoons,Strength,Core,Intermediate,3,3,10,20
Cross-Body Crunch,Strength,Core,Intermediate,3,3,10,20
Elbow-to-knee crunch,Strength,Core,Intermediate,3,3,10,20
Decline Crunch,Strength,Core,Intermediate,3,3,10,20
Hanging toes-to-bar,Strength,Core,Intermediate,3,3,10,20
Hanging Oblique Knee Raise,Strength,Core,Intermediate,3,3,10,20
Gorilla Chin/Crunch,Strength,Core,Beginner,3,3,10,20
Hanging leg raise,Strength,Core,Intermediate,3,3,10,20
Ab bicycle,Strength,Core,Intermediate,3,3,10,20
3/4 sit-up,Strength,Core,Intermediate,3,3,10,20
Reverse crunch,Strength,Core,Intermediate,3,3,10,20
Crunches,Strength,Core,Intermediate,3,3,10,20
Dead bug reach,Strength,Core,Intermediate,3,3,10,20
Crunch - Hands Overhead,Strength,Core,Beginner,3,3,10,20
V-up,Strength,Core,Intermediate,3,3,10,20
Russian twist,Strength,Core,Intermediate,3,3,10,20
Flat Bench Lying Leg Raise,Strength,Core,Intermediate,3,3,10,20
Knees tucked crunch,Strength,Core,Intermediate,3,3,10,20
Butt-Ups,Strength,Core,Beginner,3,3,10,20
Feet-elevated oblique crunch,Strength,Core,Intermediate,3,3,10,20
Bent-knee reverse crunch,Strength,Core,Intermediate,3,3,10,20
Alternating heel-touch,Strength,Core,Intermediate,3,3,10,20
Suspended Reverse Crunch,Strength,Core,Intermediate,3,3,10,20
Lying bench reverse crunch,Strength,Core,Intermediate,3,3,10,20
Sit-up,Strength,Core,Intermediate,3,3,10,20
Side Bridge,Strength,Core,Intermediate,3,3,10,20
Lying oblique crunch,Strength,Core,Intermediate,3,3,10,20
Janda Sit-Up,Strength,Core,Beginner,3,3,10,20
Leg Pull-In,Strength,Core,Beginner,3,3,10,20
Side Jackknife,Strength,Core,Intermediate,3,3,10,20
Seated Scissor Kick,Strength,Core,Intermediate,3,3,10,20
Partner resistance standing twist,Strength,Core,Intermediate,3,3,10,20
Cross Crunch,Strength,Core,Beginner,3,3,10,20
Full Moon,Strength,Core,Beginner,3,3,10,20
Hanging knee raise with manual resistance,Strength,Core,Beginner,3,3,10,20
Straight-Legged Hip Raise,Strength,Core,Intermediate,3,3,10,20
Skin The Cat To Push-Up,Strength,Core,Intermediate,3,3,10,20
Partner lying leg raise with lateral throw down,Strength,Core,Beginner,3,3,10,20
Hanging leg raise with throw down,Strength,Core,Beginner,3,3,10,20
Partner sit-up with high-five,Strength,Core,Beginner,3,3,10,20
Exercise ball knee roll-in,Strength,Core,Intermediate,3,3,10,20
Partner lying leg raise with throw down,Strength,Core,Beginner,3,3,10,20
Crab toe-touch,Strength,Core,Intermediate,3,3,10,20
Side kick-through,Strength,Core,Intermediate,3,3,10,20
Partner target sit-up,Strength,Core,Beginner,3,3,10,20
Suspended Crunch,Strength,Core,Beginner,3,3,10,20
Jump Lunge,Strength,Core,Intermediate,3,3,10,20
Side plank hip dip,Strength,Core,Intermediate,1,1,30,60
Elbow plank jack,Strength,Core,Intermediate,1,1,30,60
Exercise ball V-up,Strength,Core,Intermediate,3,3,10,20
Standing torso twist stretch,Strength,Core,Intermediate,3,3,10,20
Bear crawl,Strength,Core,Intermediate,3,3,10,20
Side lunge cross-body heel-touch,Strength,Core,Intermediate,3,3,10,20
Alligator Crawl,Strength,Core,Intermediate,3,3,10,20
Lying cross-over lower back stretch,Strength,Core,Intermediate,3,3,10,20
Shoulder tap,Strength,Core,Intermediate,3,3,10,20
Double crunch,Strength,Core,Intermediate,3,3,10,20
Flutter kick,Strength,Core,Intermediate,3,3,10,20
Sprawl,Strength,Core,Intermediate,3,3,10,20
Spider plank jack,Strength,Core,Intermediate,1,1,30,60
Pillar-To-Plank,Strength,Core,Intermediate,1,1,30,60
Alternating High Knee Raise,Strength,Core,Intermediate,3,3,10,20
Sumo Squat Pulse,Strength,Core,Intermediate,3,3,10,20
Line-Drill Foot Work,Strength,Core,Intermediate,3,3,10,20
Plank Fire Hydrants,Strength,Core,Intermediate,1,1,30,60
Banded jumping jack,Strength,Core,Intermediate,3,3,10,20
Shin hug,Strength,Core,Intermediate,3,3,10,20
FYR Bear Crawl Fire Feet,Strength,Core,Intermediate,3,3,10,20
Bear crawl up-down,Strength,Core,Intermediate,3,3,10,20
FYR Crab Kick,Strength,Core,Intermediate,3,3,10,20
Bear crawl hold,Strength,Core,Intermediate,3,3,10,20
Traveling bear crawl,Strength,Core,Intermediate,3,3,10,20
Single-leg V-up,Strength,Core,Intermediate,3,3,10,20
FYR Bear Crawl Shoulder Tap,Strength,Core,Intermediate,3,3,10,20
Alternating single-leg sprawl,Strength,Core,Intermediate,3,3,10,20
Wide mountain climber,Strength,Core,Intermediate,3,3,10,20
Plank leg raise,Strength,Core,Intermediate,1,1,30,60
Glute bridge step-out,Strength,Core,Intermediate,3,3,10,20
Knee up-down,Strength,Core,Intermediate,3,3,10,20
FYR Sprawl,Strength,Core,Intermediate,3,3,10,20
Reach crunch,Strength,Core,Intermediate,3,3,10,20
FYR Push-Up Plank Hold,Strength,Core,Intermediate,3,3,10,20
FYR Hollow-Body Rock,Strength,Core,Intermediate,3,3,10,20
V-up plus knee-to-chest combo,Strength,Core,Intermediate,3,3,10,20
Side plank lateral raise,Strength,Core,Intermediate,3,3,10,20
Superhero burpee,Strength,Core,Intermediate,3,3,10,20
Hollow-body abduction,Strength,Core,Intermediate,3,3,10,20
FYR Hollow Hold,Strength,Core,Intermediate,3,3,10,20
Tip-toe crunch,Strength,Core,Intermediate,3,3,10,20
Knee-to-nose pulse,Strength,Core,Intermediate,3,3,10,20
Plank walk-out,Strength,Core,Intermediate,1,1,30,60
FYR V-Up,Strength,Core,Intermediate,3,3,10,20
Long sit-up,Strength,Core,Intermediate,3,3,10,20
FYR Breakdancer,Strength,Core,Intermediate,3,3,10,20
Seated leg lift,Strength,Core,Intermediate,3,3,10,20
Gorilla burpee,Strength,Core,Intermediate,3,3,10,20
Knee-in to V-out,Strength,Core,Intermediate,3,3,10,20
Bear crawl push-up,Strength,Core,Intermediate,3,3,10,20
FYR Front Step,Strength,Core,Intermediate,3,3,10,20
Plank reach,Strength,Core,Intermediate,3,3,10,20
Eiffel Tower leg raise,Strength,Core,Intermediate,3,3,10,20
Straight-arm plank,Strength,Core,Intermediate,3,3,10,20
Plank up-down,Strength,Core,Intermediate,1,1,30,60
Frog kick,Strength,Core,Intermediate,3,3,10,20
FYR Knees to Chest,Strength,Core,Intermediate,3,3,10,20
Front kick-through,Strength,Core,Intermediate,3,3,10,20
FYR Sit-Up,Strength,Core,Intermediate,3,3,10,20
FYR Leg Lift,Strength,Core,Intermediate,3,3,10,20
TBS Toes-to-bar,Strength,Core,Intermediate,3,3,10,20
FYR Mountain Climber,Strength,Core,Intermediate,3,3,10,20
Roman Chair Side Ups,Strength,Core,Intermediate,3,3,10,20
Push-Up Roll Out - Gethin Variation,Strength,Core,Intermediate,3,3,10,20
Cross-Body Crunch - Gethin Variation,Strength,Core,Intermediate,3,3,10,20
Decline leg lift with twist,Strength,Core,Intermediate,3,3,10,20
Hanging Leg Raise - Variation Gethin,Strength,Core,Intermediate,3,3,10,20
Butterfly crunch,Strength,Core,Intermediate,3,3,10,20
Cross-body mountain climber,Strength,Core,Intermediate,3,3,10,20
Flat Bench Lying Leg Raise - Gethin Variation,Strength,Core,Intermediate,3,3,10,20
Lying leg lift,Strength,Core,Intermediate,3,3,10,20
Hanging alternating single-leg raise,Strength,Core,Intermediate,3,3,10,20
Plank Walk,Strength,Core,Intermediate,1,1,30,60
Sit-Up - Gethin Variation,Strength,Core,Intermediate,3,3,10,20
Plank Push-Up,Strength,Core,Intermediate,3,3,10,20
Decline crunch-,Strength,Core,Intermediate,3,3,10,20
Alternating lying leg raise,Strength,Core,Intermediate,3,3,10,20
Decline leg lift,Strength,Core,Intermediate,3,3,10,20
Crunch - Gethin Variation,Strength,Core,Intermediate,3,3,10,20
Plank - Gethin Variation,Strength,Core,Intermediate,3,3,10,20
Barbell floor wiper,Strength,Core,Intermediate,3,3,10,20
Prison Push-Up,Strength,Core,Intermediate,3,3,10,20
McGill Modified Curl-Up,Strength,Core,Intermediate,3,3,10,20
Cross-body toe-touch,Strength,Core,Intermediate,3,3,10,20
Toy soldier,Strength,Core,Intermediate,3,3,10,20
Natural Glute Ham Raise with Stability Ball,Strength,Core,Intermediate,3,3,10,20
Lateral ape,Strength,Core,Intermediate,3,3,10,20
Hollow-body knee tuck,Strength,Core,Intermediate,3,3,10,20
HM Air Jumping Rope,Strength,Core,Intermediate,3,3,10,20
HM Alternating Lunge Reach,Strength,Core,Intermediate,3,3,10,20
HM Alternating Side Plank Reach,Strength,Core,Intermediate,1,1,30,60
HM Superman Plank,Strength,Core,Intermediate,1,1,30,60
HM Table Pose,Strength,Core,Intermediate,1,1,30,60
HM Toe Touch,Strength,Core,Intermediate,3,3,10,20
HM Right Side Crunch,Strength,Core,Intermediate,3,3,10,20
HM Bicycle,Strength,Core,Intermediate,3,3,10,20
HM Bird-Dog Plank,Strength,Core,Intermediate,1,1,30,60
HM Boat Pose,Strength,Core,Intermediate,1,1,30,60
HM Bottoms Up,Strength,Core,Intermediate,1,1,30,60
HM Bridge,Strength,Core,Intermediate,1,1,30,60
HM Seated Twist,Strength,Core,Intermediate,1,1,30,60
HM Side-Bend Pose,Strength,Core,Intermediate,1,1,30,60
HM Side-Plank Arm Wrap,Strength,Core,Intermediate,1,1,30,60
HM Side-Plank with Hip Touch,Strength,Core,Intermediate,1,1,30,60
HM Side-Plank with Kick,Strength,Core,Intermediate,1,1,30,60
HM Side V-Up,Strength,Core,Intermediate,3,3,10,20
HM Crab Crunch,Strength,Core,Intermediate,3,3,10,20
HM Cross-Over Crunch,Strength,Core,Intermediate,3,3,10,20
HM Crunch Pulse,Strength,Core,Intermediate,3,3,10,20
HM Dead Bug,Strength,Core,Intermediate,3,3,10,20
HM Single-Leg Inchworm,Strength,Core,Intermediate,3,3,10,20
HM Floor Jack,Strength,Core,Intermediate,3,3,10,20
HM Floor Wiper,Strength,Core,Intermediate,3,3,10,20
HM Floor Kick,Strength,Core,Intermediate,3,3,10,20
HM Sit-Up,Strength,Core,Intermediate,3,3,10,20
HM Slow Mountain Climber,Strength,Core,Intermediate,3,3,10,20
HM Slow Sit-Up,Strength,Core,Intermediate,3,3,10,20
HM Half-Up,Strength,Core,Intermediate,3,3,10,20
HM Hollow-Body Pulse,Strength,Core,Intermediate,3,3,10,20
HM Hollow Hold,Strength,Core,Intermediate,3,3,10,20
HM Inchworm,Strength,Core,Intermediate,3,3,10,20
HM Right Side Hollow Hold with Pulse,Strength,Core,Intermediate,3,3,10,20
HM Reverse Crunch with Frisbee,Strength,Core,Intermediate,3,3,10,20
HM Left Side Bird-Dog,Strength,Core,Intermediate,3,3,10,20
HM Left Side Crunch,Strength,Core,Intermediate,3,3,10,20
HM Left Side Hollow Hold With Pulse,Strength,Core,Intermediate,3,3,10,20
HM Reverse Crunch,Strength,Core,Intermediate,3,3,10,20
HM Low Lunge With External Twist And Arm Reach,Strength,Core,Intermediate,3,3,10,20
HM Mountain Climber,Strength,Core,Intermediate,3,3,10,20
HM Prison Sit-Up,Strength,Core,Intermediate,3,3,10,20
HM Plank Alternating Hip-Dip,Strength,Core,Intermediate,1,1,30,60
HM Tuck-Up Get-Up,Strength,Core,Intermediate,3,3,10,20
HM Flutter Kick,Strength,Core,Intermediate,3,3,10,20
HM Plank,Strength,Core,Intermediate,1,1,30,60
McGill Pull-Up,Strength,Core,Intermediate,3,3,10,20
AM Leg Lift,Strength,Core,Intermediate,3,3,10,20
AM Decline Abs,Strength,Core,Intermediate,3,3,10,20
Hanging crunch,Strength,Core,Intermediate,3,3,10,20
Tyler Holt Hanging Toes-To-Bar,Strength,Core,Intermediate,3,3,10,20
Side plank,Strength,Core,Intermediate,3,3,10,20
Bird dog-,Strength,Core,Intermediate,3,3,10,20
Single-leg curl up,Strength,Core,Intermediate,3,3,10,20
Single-kettlebell windmill,Strength,Core,Intermediate,3,3,10,20
UNS Foam Roll Thigh,Strength,Core,Intermediate,3,3,10,20
UNS Inverted row,Strength,Core,Intermediate,3,3,10,20
UNS T-spine rotation with reach,Strength,Core,Intermediate,3,3,10,20
UNS Quadruped thoracic rotation,Strength,Core,Intermediate,3,3,10,20
UNS Pec stretch,Strength,Core,Intermediate,3,3,10,20
UNS Lat stretch,Strength,Core,Intermediate,3,3,10,20
UNS Foam Roll,Strength,Core,Intermediate,3,3,10,20
UNS Foam Roll Lats,Strength,Core,Intermediate,3,3,10,20
UNS Rocking Adductor Stretch,Strength,Core,Intermediate,3,3,10,20
UNS Bird Dog,Strength,Core,Intermediate,3,3,10,20
UNS Jumping Jack,Strength,Core,Intermediate,3,3,10,20
Ab wheel roll-out,Strength,Core,Intermediate,3,3,10,20
Bench mountain climber,Strength,Core,Intermediate,3,3,10,20
Feet-elevated bench side plank,Strength,Core,Intermediate,1,1,30,60
Cross-body sit-up,Strength,Core,Intermediate,3,3,10,20
Decline kayak,Strength,Core,Intermediate,3,3,10,20
30 Decline Reverse Crunch,Strength,Core,Intermediate,3,3,10,20
Decline sit-up twist,Strength,Core,Intermediate,3,3,10,20
30 Flat Bench Leg Raise,Strength,Core,Intermediate,3,3,10,20
30 Flutter Kick,Strength,Core,Intermediate,3,3,10,20
Chin-up crunch,Strength,Core,Intermediate,3,3,10,20
30 Gorilla Chin Oblique Crunch,Strength,Core,Intermediate,3,3,10,20
Half Turkish get-up,Strength,Core,Intermediate,3,3,10,20
30 Hanging Oblique Crunch,Strength,Core,Intermediate,3,3,10,20
30 Hollow-Body Hold,Strength,Core,Intermediate,3,3,10,20
Parallel bars knee raise,Strength,Core,Intermediate,3,3,10,20
30 Landmine Twist,Strength,Core,Intermediate,3,3,10,20
Parallel bars leg raise,Strength,Core,Intermediate,3,3,10,20
Otis-up-,Strength,Core,Intermediate,3,3,10,20
30 Shoulder Tap,Strength,Core,Intermediate,3,3,10,20
30 Spider Crawl,Strength,Core,Intermediate,3,3,10,20
Spider crunch,Strength,Core,Intermediate,3,3,10,20
Toe-touch,Strength,Core,Intermediate,3,3,10,20
30 Hanging Toes-To-Bar,Strength,Core,Intermediate,3,3,10,20
30 V-Up,Strength,Core,Intermediate,3,3,10,20
Cocoon crunch,Strength,Core,Intermediate,3,3,10,20
Bench oblique crunch,Strength,Core,Intermediate,3,3,10,20
Full moon-,Strength,Core,Intermediate,3,3,10,20
Push-up to side plank,Strength,Core,Intermediate,3,3,10,20
Tyler Holt V-Up,Strength,Core,Intermediate,3,3,10,20
Tyler Holt Plank,Strength,Core,Intermediate,3,3,10,20
Tyler Holt Hip-Dip,Strength,Core,Intermediate,3,3,10,20
Suicides,Strength,Core,Intermediate,3,3,10,20
Holman Towel Straight Plank Jack,Strength,Core,Intermediate,1,1,30,60
Holman Towel Hill Climber,Strength,Core,Intermediate,3,3,10,20
Holman Towel Elbow Plank Jack,Strength,Core,Intermediate,1,1,30,60
Holman Towel Elbow Plank Pike,Strength,Core,Intermediate,1,1,30,60
Holman Towel Straight Plank Hand Reach,Strength,Core,Intermediate,1,1,30,60
Holman Towel Wax-On Wax-Off,Strength,Core,Intermediate,3,3,10,20
Holman Towel Wide Hill Climber,Strength,Core,Intermediate,3,3,10,20
Holman Towel Dirty Dog,Strength,Core,Intermediate,1,1,30,60
Holman Straight Plank Shoulder Tap,Strength,Core,Intermediate,1,1,30,60
Holman Killer Abs,Strength,Core,Intermediate,1,1,30,60
Holman Straight Plank Split Jack,Strength,Core,Intermediate,1,1,30,60
Holman Elbow Plank Swim,Strength,Core,Intermediate,1,1,30,60
Holman Elbow Plank Saw,Strength,Core,Intermediate,1,1,30,60
Holman Feet-Elevated Straight Plank Toe-Tap Series,Strength,Core,Intermediate,3,3,10,20
Holman Elbow Plank Pike Pull,Strength,Core,Intermediate,1,1,30,60
Holman Hand-Elevated Walk-Over Push-Up,Strength,Core,Intermediate,3,3,10,20
Holman Hands-Elevated Hill Climber,Strength,Core,Intermediate,3,3,10,20
Holman Seated Pike,Strength,Core,Intermediate,1,1,30,60
Holman Feet-Elevated Up-Down Plank,Strength,Core,Intermediate,1,1,30,60
Holman Feet-Elevated Hand Tap,Strength,Core,Intermediate,3,3,10,20
Holman Reverse Straight Plank with Alternating Heel Pull-In,Strength,Core,Intermediate,1,1,30,60
Holman Elbow Plank,Strength,Core,Intermediate,1,1,30,60
Holman Straight Plank Squat Thrust,Strength,Core,Intermediate,1,1,30,60
Holman Alternating Single-Leg Pike,Strength,Core,Intermediate,1,1,30,60
Holman Knee Pull-In Crunch,Strength,Core,Intermediate,3,3,10,20
Holman Straight Plank with Hand Tap,Strength,Core,Intermediate,1,1,30,60
Holman Straight Plank with Dirty Dog,Strength,Core,Intermediate,1,1,30,60
Holman Elbow Plank Roll,Strength,Core,Intermediate,1,1,30,60
Holman Froggy Push-Up,Strength,Core,Intermediate,3,3,10,20
Holman Straight Plank Hand Tap to Shoulder Tap,Strength,Core,Intermediate,1,1,30,60
Holman In-Out Straight Plank,Strength,Core,Intermediate,1,1,30,60
Holman Bicycle,Strength,Core,Intermediate,3,3,10,20
Holman Alternating Diagonal Knee Pull-in,Strength,Core,Intermediate,3,3,10,20
Holman Elbow Plank with Step-Out,Strength,Core,Intermediate,1,1,30,60
Holman Alternating Slow L-Raise,Strength,Core,Intermediate,3,3,10,20
Holman Feet-Elevated Plank with Shoulder Tap,Strength,Core,Intermediate,1,1,30,60
Holman Feet-Elevated Inchworm Pike to Straight Plank Push-Up,Strength,Core,Intermediate,1,1,30,60
Holman Feet-Elevated Up-Down Elbow Plank,Strength,Core,Intermediate,1,1,30,60
Holman Feet-Elevated Plank Pike Pull,Strength,Core,Intermediate,1,1,30,60
Holman Feet-Elevated Alternating Single-Leg Hip Raise,Strength,Core,Intermediate,3,3,10,20
Holman Feet-Elevated Plank Pike Pull to Push-Up,Strength,Core,Intermediate,3,3,10,20
Holman Standing Heel Click,Strength,Core,Intermediate,3,3,10,20
Holman Straight Plank Right-Left Jack to Split Jack,Strength,Core,Intermediate,1,1,30,60
Holman Elbow Plank Jack to Ninja Knees,Strength,Core,Intermediate,1,1,30,60
Holman Right Side Elbow Plank with Left Leg Swing,Strength,Core,Intermediate,1,1,30,60
Holman Left Side Elbow Plank with Right Leg Swing,Strength,Core,Intermediate,1,1,30,60
Holman Straight Plank with Alternating Diagonal Sit-Back,Strength,Core,Intermediate,1,1,30,60
Holman Boat Press with Leg Extension,Strength,Core,Intermediate,3,3,10,20
Holman Shoulder Tap to Dirty Dog,Strength,Core,Intermediate,3,3,10,20
Holman Standing Russian Twist,Strength,Core,Intermediate,3,3,10,20
Holman Hovering Plank with Shoulder Tap,Strength,Core,Intermediate,1,1,30,60
Holman Elbow Plank to Stacked Plank Hip Drop,Strength,Core,Intermediate,1,1,30,60
Holman Elbow Plank to Walk-Up Pike,Strength,Core,Intermediate,1,1,30,60
Holman Hill Climber,Strength,Core,Intermediate,3,3,10,20
Holman Straight Plank Pike to Renegade Row,Strength,Core,Intermediate,3,3,10,20
Holman Alternating Hip Drop to Push-Up,Strength,Core,Intermediate,3,3,10,20
Holman Crab Kick,Strength,Core,Intermediate,3,3,10,20
Holman Wounded Bear Crawl,Strength,Core,Intermediate,3,3,10,20
Holman Alternating Crab Reach,Strength,Core,Intermediate,3,3,10,20
Holman Hovering Panther Core Stabilizer,Strength,Core,Intermediate,3,3,10,20
Holman Burpee to Forward Lunge,Strength,Core,Intermediate,3,3,10,20
Holman Seated Knee Pull-In Series,Strength,Core,Intermediate,3,3,10,20
Holman Elbow Plank Pike,Strength,Core,Intermediate,1,1,30,60
Holman Elbow Plank Jack to Straight Plank Split Jack,Strength,Core,Intermediate,1,1,30,60
Holman Boat Pull-Over,Strength,Core,Intermediate,3,3,10,20
Holman Squat Pulse to Plyometric Jump,Strength,Core,Intermediate,3,3,10,20
Holman Hands Down Heel Click,Strength,Core,Intermediate,3,3,10,20
Holman Straight Plank to Kick-Up,Strength,Core,Intermediate,3,3,10,20
Holman Hands-Elevated Split Jack,Strength,Core,Intermediate,3,3,10,20
Holman Feet-Elevated Plank Reach,Strength,Core,Intermediate,1,1,30,60
Holman Hand-Elevated Side Plank Semicircle,Strength,Core,Intermediate,1,1,30,60
Holman Hands-Elevated Straight Plank Pike,Strength,Core,Intermediate,1,1,30,60
Holman Alternating Rolling Elbow Plank,Strength,Core,Intermediate,1,1,30,60
Holman Elbow Plank Jack,Strength,Core,Intermediate,1,1,30,60
Holman Squat Thrust to Alternating Knee-In,Strength,Core,Intermediate,3,3,10,20
Holman Supine Double Pike,Strength,Core,Intermediate,1,1,30,60
Holman Elbow Plank Alternating Pike,Strength,Core,Intermediate,1,1,30,60
Holman Seated Killer Abs,Strength,Core,Intermediate,1,1,30,60
Holman Side Plank Hip Drop,Strength,Core,Intermediate,3,3,10,20
Holman Wide Hill Climber,Strength,Core,Intermediate,3,3,10,20
Holman Straight-Legged Bicycle,Strength,Core,Intermediate,3,3,10,20
Holman Stair Toe Tap,Strength,Core,Intermediate,3,3,10,20
Holman Elbow Plank Ninja,Strength,Core,Intermediate,3,3,10,20
Holman Traveling Stair Climb Push-Up,Strength,Core,Intermediate,3,3,10,20
Holman Hands-Elevated Burpee,Strength,Core,Intermediate,3,3,10,20
Holman Straight Plank Donkey Kick,Strength,Core,Intermediate,3,3,10,20
Holman Feet-Elevated Straight Plank Pike Pull,Strength,Core,Intermediate,3,3,10,20
Holman Towel Burpee,Strength,Core,Intermediate,3,3,10,20
Holman Elbow Plank to Alternating Side Plank Crunch,Strength,Core,Intermediate,3,3,10,20
Holman Straight-Legged Hip Raise,Strength,Core,Intermediate,3,3,10,20
Holman Feet-Elevated Hill Climber,Strength,Core,Intermediate,3,3,10,20
Holman Ninja Knee Hill Climber,Strength,Core,Intermediate,3,3,10,20
Holman Feet-Elevated Shoulder Tap,Strength,Core,Intermediate,3,3,10,20
Holman Feet-Elevated Hip Raise,Strength,Core,Intermediate,3,3,10,20
Holman Left Hand Right Foot Crab Reach,Strength,Core,Intermediate,3,3,10,20
Holman Alternating Crab Flip to Froggy Push-Up to Kicks,Strength,Core,Intermediate,3,3,10,20
Holman Right Hand Left Foot Sleeping Crab,Strength,Core,Intermediate,3,3,10,20
Holman Left Hand Right Foot Sleeping Crab,Strength,Core,Intermediate,3,3,10,20
Holman Straight Plank with Alternating Leg Kick-Under,Strength,Core,Intermediate,3,3,10,20
Holman Right Hip Drop Push-Up,Strength,Core,Intermediate,3,3,10,20
Holman Right Side Diagonal Burpee,Strength,Core,Intermediate,3,3,10,20
Holman Left Hip Drop Push-Up,Strength,Core,Intermediate,3,3,10,20
Holman Right Leg 7-Up Crunch,Strength,Core,Intermediate,3,3,10,20
Holman Left Leg 7-Up Crunch,Strength,Core,Intermediate,3,3,10,20
Holman Straight Plank Jack,Strength,Core,Intermediate,3,3,10,20
Holman Feet-Elevated Couch Hill Climber,Strength,Core,Intermediate,3,3,10,20
Holman Feet-Elevated Right Side Plank,Strength,Core,Intermediate,1,1,30,60
Holman Alternating Up-Down Plank to Push-Up,Strength,Core,Intermediate,3,3,10,20
Holman Straight Plank Pike,Strength,Core,Intermediate,1,1,30,60
Holman Ninja Knee Straight Plank,Strength,Core,Intermediate,1,1,30,60
Holman Reverse Crunch to Hip Raise,Strength,Core,Intermediate,3,3,10,20
Holman Straight Plank Quick Reach,Strength,Core,Intermediate,3,3,10,20
Holman Alternating Diagonal Straight Plank,Strength,Core,Intermediate,3,3,10,20
Holman Feet-Elevated Left Side Plank,Strength,Core,Intermediate,1,1,30,60
Holman Right Hand Left Foot Crab Reach,Strength,Core,Intermediate,3,3,10,20
Holman Low-Impact Crab Kick,Strength,Core,Intermediate,3,3,10,20
Holman Alternating Crab Flip to Froggy Push-Up,Strength,Core,Intermediate,3,3,10,20
Holman High-Impact Crab Kick,Strength,Core,Intermediate,3,3,10,20
Holman Single-Leg Right Pike,Strength,Core,Intermediate,3,3,10,20
Holman Single-Leg Left Pike,Strength,Core,Intermediate,3,3,10,20
Holman Shoulder Tap to Hand Tap,Strength,Core,Intermediate,3,3,10,20
Holman Towel Reverse Plank Jack,Strength,Core,Intermediate,3,3,10,20
Holman Side-to-Side Twist,Strength,Core,Intermediate,3,3,10,20
Holman Crab Kick with Hop,Strength,Core,Intermediate,3,3,10,20
Holman Crab Reach to Crab Kick,Strength,Core,Intermediate,3,3,10,20
Holman Wide Squat Side-to-Side Obliques,Strength,Core,Intermediate,3,3,10,20
Holman Side Plank Crunch,Strength,Core,Intermediate,3,3,10,20
Total Fitness Ab Tuck,Strength,Core,Intermediate,3,3,10,20
Active hang from bar,Strength,Core,Intermediate,3,3,10,20
Cat-cow,Strength,Core,Intermediate,3,3,10,20
Crab walk,Strength,Core,Intermediate,3,3,10,20
Lunge with overhead reach,Strength,Core,Intermediate,3,3,10,20
Hang from bar,Strength,Core,Intermediate,3,3,10,20
Total Fitness Hollow Hold,Strength,Core,Intermediate,3,3,10,20
Total Fitness Side Plank,Strength,Core,Intermediate,3,3,10,20
Side plank pulse,Strength,Core,Intermediate,3,3,10,20
Total Fitness Spider Crawl (Unweighted),Strength,Core,Intermediate,3,3,10,20
Total Fitness V-Up,Strength,Core,Intermediate,3,3,10,20
MetaBurn Alternating Knee-to-Elbow Mountain Climber,Strength,Core,Intermediate,3,3,10,20
Alternating sit-through with crunch-,Strength,Core,Intermediate,3,3,10,20
MetaBurn Alternating Toe-Touch,Strength,Core,Intermediate,3,3,10,20
MetaBurn Janda Sit-Up,Strength,Core,Intermediate,3,3,10,20
MetaBurn Oblique Roll Crunch,Strength,Core,Intermediate,3,3,10,20
MetaBurn Plank Jack,Strength,Core,Intermediate,1,1,30,60
MetaBurn Plank To Alternating Side Plank,Strength,Core,Intermediate,1,1,30,60
MetaBurn Plank Up-Down,Strength,Core,Intermediate,1,1,30,60
MetaBurn Plank Wiper,Strength,Core,Intermediate,1,1,30,60
MetaBurn Plank With Alternating Toe-Touch,Strength,Core,Intermediate,1,1,30,60
MetaBurn Plyo Push-Up,Strength,Core,Intermediate,3,3,10,20
MetaBurn Psycho Crunch,Strength,Core,Intermediate,3,3,10,20
MetaBurn Scapular Retraction Plank,Strength,Core,Intermediate,3,3,10,20
MetaBurn Scapular Retraction Plank Hold,Strength,Core,Intermediate,3,3,10,20
MetaBurn Scorpion,Strength,Core,Intermediate,3,3,10,20
MetaBurn Side Crawler,Strength,Core,Intermediate,3,3,10,20
MetaBurn Side Plank Oblique Crunch,Strength,Core,Intermediate,3,3,10,20
MetaBurn Sit-Through,Strength,Core,Intermediate,3,3,10,20
MetaBurn Sit-Up To V-Up,Strength,Core,Intermediate,3,3,10,20
MetaBurn Sit-Up With Rotation,Strength,Core,Intermediate,3,3,10,20
MetaBurn Split-Leg Crunch,Strength,Core,Intermediate,3,3,10,20
MetaBurn Tabletop Hip Thrust,Strength,Core,Intermediate,3,3,10,20
MetaBurn Tabletop With Russian Kick,Strength,Core,Intermediate,3,3,10,20
MetaBurn Toe Driver Abs,Strength,Core,Intermediate,3,3,10,20
MetaBurn-V-Up,Strength,Core,Intermediate,3,3,10,20
X-body V-up,Strength,Core,Intermediate,3,3,10,20
MetaBurn Swivel Crunch,Strength,Core,Intermediate,3,3,10,20
Robertson Core-Engaged Dead Bug,Strength,Core,Intermediate,3,3,10,20
FYR2 Double-Under,Strength,Core,Intermediate,3,3,10,20
FYR2 Fire Feet with Burpee Tuck Jump Drill,Strength,Core,Intermediate,3,3,10,20
FYR2 Flutter Kick,Strength,Core,Intermediate,3,3,10,20
FYR2 Half-Moon,Strength,Core,Intermediate,3,3,10,20
FYR2 Leopard Crawl,Strength,Core,Intermediate,3,3,10,20
FYR2 Plank Alternating Front Step,Strength,Core,Intermediate,1,1,30,60
FYR2 Shoulder Tap,Strength,Core,Intermediate,3,3,10,20
Hand shift plank,Strength,Core,Intermediate,3,3,10,20
Cross-body plank march,Strength,Core,Intermediate,3,3,10,20
Bent-knee Copenhagen hip adduction,Strength,Core,Intermediate,3,3,10,20
Copenhagen plank,Strength,Core,Intermediate,1,1,30,60
ACFT Hanging leg tuck,Strength,Core,Intermediate,3,3,10,20
Alternating hanging knee raise,Strength,Core,Intermediate,3,3,10,20
Plank To Sphinx,Strength,Core,Intermediate,3,3,10,20
Twisting Mountain Climbers,Strength,Core,Intermediate,3,3,10,20
Jack Knives,Strength,Core,Intermediate,3,3,10,20
Hanging Leg Raises,Strength,Core,Intermediate,3,3,10,20
Glute bridge,Strength,Glutes,Intermediate,3,3,10,20
Single-leg glute bridge,Strength,Glutes,Intermediate,3,3,10,20
Step-up with knee raise,Strength,Glutes,Intermediate,3,3,10,20
Glute Kickback,Strength,Glutes,Beginner,3,3,10,20
Standing hip extension,Strength,Glutes,Beginner,3,3,10,20
Neck Bridge Supine,Strength,Glutes,Beginner,3,3,10,20
Walking High Knee,Strength,Glutes,Intermediate,3,3,10,20
Walking Butt Kicks,Strength,Glutes,Intermediate,3,3,10,20
Walking Glute Stretch,Strength,Glutes,Intermediate,3,3,10,20
Lunge kick,Strength,Glutes,Intermediate,3,3,10,20
Curtsy lunge,Strength,Glutes,Intermediate,3,3,10,20
Side-lying leg lift,Strength,Glutes,Intermediate,3,3,10,20
FYR Progressive High Knee,Strength,Glutes,Intermediate,3,3,10,20
Glute-Ham Raise - Gethin Variation,Strength,Glutes,Intermediate,3,3,10,20
Natural Glute Ham Raise - Gethin Variation,Strength,Glutes,Intermediate,3,3,10,20
Groiner,Strength,Glutes,Intermediate,3,3,10,20
HM Alternating Donkey Kick,Strength,Glutes,Intermediate,3,3,10,20
HM Alternating Slow Step-Down With Chair,Strength,Glutes,Intermediate,3,3,10,20
HM Right Side Iron Cross,Strength,Glutes,Intermediate,3,3,10,20
HM Single-Leg Bridge,Strength,Glutes,Intermediate,3,3,10,20
HM Hi-Low,Strength,Glutes,Intermediate,3,3,10,20
HM Kick-Back,Strength,Glutes,Intermediate,3,3,10,20
HM Left Side Iron Cross,Strength,Glutes,Intermediate,3,3,10,20
HM Left Side-Kick,Strength,Glutes,Intermediate,3,3,10,20
HM Leg Lifts,Strength,Glutes,Intermediate,3,3,10,20
Walking lunge,Strength,Glutes,Intermediate,3,3,10,20
High Plyometric Box Jump,Strength,Glutes,Intermediate,3,3,10,20
Barbell hip thrust-,Strength,Glutes,Intermediate,3,3,10,20
UN Glute Bridge,Strength,Glutes,Intermediate,3,3,10,20
Holman Donkey Kick,Strength,Glutes,Intermediate,3,3,10,20
Holman Hip Raise with Alternating Kick,Strength,Glutes,Intermediate,3,3,10,20
Holman Left Leg Donkey Kick,Strength,Glutes,Intermediate,3,3,10,20
Holman Diagonal Right Leg Step-Out to Right Knee-Up,Strength,Glutes,Intermediate,3,3,10,20
Holman Right Leg Donkey Kick,Strength,Glutes,Intermediate,3,3,10,20
Holman Butt Tap to Jump,Strength,Glutes,Intermediate,3,3,10,20
Holman Butt Tap to Jump-Forward-Jump-Back,Strength,Glutes,Intermediate,3,3,10,20
Holman Traveling High Knees to Squat Thrust,Strength,Glutes,Intermediate,3,3,10,20
Holman Butt Kicker to High Knees,Strength,Glutes,Intermediate,3,3,10,20
Holman Daisy Cutter,Strength,Glutes,Intermediate,3,3,10,20
Holman Frogger,Strength,Glutes,Intermediate,3,3,10,20
Holman Hip Raise with Chest Press,Strength,Glutes,Intermediate,3,3,10,20
Total Fitness Bear Crawl,Strength,Glutes,Intermediate,3,3,10,20
Pigeon stretch,Strength,Glutes,Intermediate,3,3,10,20
Levitating side kick-through,Strength,Glutes,Intermediate,3,3,10,20
30 Legs Hip Thrust,Strength,Glutes,Intermediate,3,3,10,20
Dumbbell single-leg hip thrust,Strength,Glutes,Intermediate,3,3,10,20
Linear Acceleration Wall Drill,Plyometrics,Hamstrings,Intermediate,3,3,10,20
Knee Tuck Jump,Plyometrics,Hamstrings,Intermediate,3,3,10,20
Moving Claw Series,Plyometrics,Hamstrings,Intermediate,3,3,10,20
Hurdle Hops,Plyometrics,Hamstrings,Intermediate,3,3,10,20
Linear 3-Part Start Technique,Plyometrics,Hamstrings,Intermediate,3,3,10,20
Natural Glute Ham Raise,Strength,Hamstrings,Beginner,3,3,10,20
Prone Manual Hamstring,Strength,Hamstrings,Intermediate,3,3,10,20
Boss Everline 10-Yard Sprints,Strength,Hamstrings,Intermediate,3,3,10,20
HM Alternating Cross Lunge,Strength,Hamstrings,Intermediate,3,3,10,20
HM Alternating Front Kick,Strength,Hamstrings,Intermediate,3,3,10,20
HM Alternating Sprawl Kick-Through,Strength,Hamstrings,Intermediate,3,3,10,20
HM Alternating Step-Back,Strength,Hamstrings,Intermediate,3,3,10,20
HM Alternating Step-Up With Chair,Strength,Hamstrings,Intermediate,3,3,10,20
HM Right Knee-Up,Strength,Hamstrings,Intermediate,3,3,10,20
HM Low Lunge With External Twist,Strength,Hamstrings,Intermediate,3,3,10,20
HM Ninja Crawl,Strength,Hamstrings,Intermediate,3,3,10,20
HM Pigeon Stretch,Strength,Hamstrings,Intermediate,3,3,10,20
Single-Leg Deadlift Walk,Strength,Hamstrings,Intermediate,3,3,10,20
Total Fitness Hamstring Slide,Strength,Hamstrings,Intermediate,3,3,10,20
30 Legs Walking Lunge,Strength,Hamstrings,Intermediate,3,3,10,20
Burpee to pull-up,Plyometrics,Lats,Intermediate,3,3,10,20
Pullups,Strength,Lats,Intermediate,3,3,10,20
Pull-up,Strength,Lats,Beginner,3,3,10,20
Muscle Up,Strength,Lats,Intermediate,3,3,10,20
Rope climb,Strength,Lats,Intermediate,3,3,10,20
Wide-Grip Rear Pull-Up,Strength,Lats,Beginner,3,3,10,20
Side To Side Chins,Strength,Lats,Intermediate,3,3,10,20
Neutral-grip pull-up,Strength,Lats,Intermediate,3,3,10,20
Kipping Muscle Up,Strength,Lats,Intermediate,3,3,10,20
Negative pull-up,Strength,Lats,Intermediate,3,3,10,20
Chin-Up,Strength,Lats,Intermediate,3,3,10,20
HM Superman Lat Pull,Strength,Lats,Intermediate,3,3,10,20
AM Pull-Up,Strength,Lats,Intermediate,3,3,10,20
UP Chin-Up,Strength,Lats,Intermediate,3,3,10,20
Holman Alternating Forward and Side Punch,Strength,Lats,Intermediate,3,3,10,20
Jump to pull-up,Strength,Lats,Intermediate,3,3,10,20
Bent-over scapular slide,Strength,Lats,Intermediate,3,3,10,20
Iron cross stretch,Strength,Lats,Intermediate,3,3,10,20
Total Fitness Standing Lat Stretch,Strength,Lats,Intermediate,3,3,10,20
King Maker Pull-Up,Strength,Lats,Intermediate,3,3,10,20
Back extension,Strength,Lower Back,Intermediate,3,3,10,20
Hyperextensions With No Hyperextension Bench,Strength,Lower Back,Beginner,3,3,10,20
Partner Superman with alternating high-five,Strength,Lower Back,Beginner,3,3,10,20
TBS Back Extension,Strength,Lower Back,Intermediate,3,3,10,20
Lower Back Stretch - Yates Variation,Strength,Lower Back,Intermediate,3,3,10,20
Hyperextension - Gethin Variation,Strength,Lower Back,Intermediate,3,3,10,20
Back Extension - Gethin Variation,Strength,Lower Back,Intermediate,3,3,10,20
HM Banana Stretch,Strength,Lower Back,Intermediate,3,3,10,20
HM Child's Pose,Strength,Lower Back,Intermediate,3,3,10,20
HM Cobra,Strength,Lower Back,Intermediate,3,3,10,20
HM Cobra With Arm Retraction,Strength,Lower Back,Intermediate,3,3,10,20
HM Dive-Bomber,Strength,Lower Back,Intermediate,3,3,10,20
HM Downward-Facing Dog Pose,Strength,Lower Back,Intermediate,3,3,10,20
HM Downward Dog To Left Leg Extension To Warrior Pose,Strength,Lower Back,Intermediate,3,3,10,20
HM Downward Dog To Right Leg Extension To Warrior Pose,Strength,Lower Back,Intermediate,3,3,10,20
HM Spine Twist,Strength,Lower Back,Intermediate,3,3,10,20
HM Good Morning,Strength,Lower Back,Intermediate,3,3,10,20
HM Rag Doll,Strength,Lower Back,Intermediate,3,3,10,20
HM Upward-Facing Dog Pose,Strength,Lower Back,Intermediate,3,3,10,20
Superman-,Strength,Lower Back,Intermediate,3,3,10,20
Weighted back extension,Strength,Lower Back,Intermediate,3,3,10,20
MetaBurn Alternating Superman,Strength,Lower Back,Intermediate,3,3,10,20
MetaBurn Swimmer,Strength,Lower Back,Intermediate,3,3,10,20
Mixed Grip Chin,Strength,Middle Back,Intermediate,3,3,10,20
TBS Pull-Up,Strength,Middle Back,Intermediate,3,3,10,20
HM Angel Stretch,Strength,Middle Back,Intermediate,3,3,10,20
UNS Foam Roll Upper Back,Strength,Middle Back,Intermediate,3,3,10,20
30 Back Neutral-Grip Pull-Down,Strength,Middle Back,Intermediate,3,3,10,20
30 Back Pull-Up,Strength,Middle Back,Intermediate,3,3,10,20
30 Back Reverse-Grip Pull-Up,Strength,Middle Back,Intermediate,3,3,10,20
Isometric Neck Exercise - Sides,Strength,Neck,Beginner,3,3,10,20
Isometric Neck Exercise - Front And Back,Strength,Neck,Beginner,3,3,10,20
Neck Bridge Prone,Strength,Neck,Beginner,3,3,10,20
Burpee,Cardio,Quadriceps,Intermediate,3,3,10,20
Jumping Jack,Cardio,Quadriceps,Intermediate,3,3,10,20
Side-to-side box skip,Plyometrics,Quadriceps,Intermediate,3,3,10,20
Broad jump,Plyometrics,Quadriceps,Intermediate,3,3,10,20
Jumping jack-,Plyometrics,Quadriceps,Intermediate,3,3,10,20
Alien Squat,Plyometrics,Quadriceps,Beginner,3,3,10,20
Rocket Jump,Plyometrics,Quadriceps,Beginner,3,3,10,20
Depth jump box jump,Plyometrics,Quadriceps,Intermediate,3,3,10,20
Jump Squat,Plyometrics,Quadriceps,Intermediate,3,3,10,20
Over bench jump,Plyometrics,Quadriceps,Intermediate,3,3,10,20
Split Jump,Plyometrics,Quadriceps,Intermediate,3,3,10,20
90-degree jump squat,Plyometrics,Quadriceps,Intermediate,3,3,10,20
Skip,Plyometrics,Quadriceps,Intermediate,3,3,10,20
Southpaw sprawl,Plyometrics,Quadriceps,Intermediate,3,3,10,20
Stride Jump Crossover,Plyometrics,Quadriceps,Intermediate,3,3,10,20
Side Standing Long Jump,Plyometrics,Quadriceps,Intermediate,3,3,10,20
Slide Jump Shot,Plyometrics,Quadriceps,Beginner,3,3,10,20
Sprawl frog kick,Plyometrics,Quadriceps,Intermediate,3,3,10,20
Side Hop-Sprint,Plyometrics,Quadriceps,Intermediate,3,3,10,20
Pop squat,Plyometrics,Quadriceps,Intermediate,3,3,10,20
Star Jump,Plyometrics,Quadriceps,Beginner,3,3,10,20
Quick Leap,Plyometrics,Quadriceps,Intermediate,3,3,10,20
Reverse Burpee,Plyometrics,Quadriceps,Beginner,3,3,10,20
Jump lunge heel kick,Plyometrics,Quadriceps,Intermediate,3,3,10,20
Burpee box jump,Plyometrics,Quadriceps,Intermediate,3,3,10,20
Linear Depth Jump,Plyometrics,Quadriceps,Intermediate,3,3,10,20
Square Hop,Plyometrics,Quadriceps,Beginner,3,3,10,20
Running lunge,Plyometrics,Quadriceps,Intermediate,3,3,10,20
In-out jump squat,Plyometrics,Quadriceps,Intermediate,3,3,10,20
Gorilla squat,Plyometrics,Quadriceps,Intermediate,3,3,10,20
Burpee tuck jump,Plyometrics,Quadriceps,Intermediate,3,3,10,20
Speed skater,Plyometrics,Quadriceps,Intermediate,3,3,10,20
Jumping knee up-down,Plyometrics,Quadriceps,Intermediate,3,3,10,20
Jump Lunge To Feet Jack,Plyometrics,Quadriceps,Intermediate,3,3,10,20
Forward lunge,Strength,Quadriceps,Intermediate,3,3,10,20
Bodyweight squat,Strength,Quadriceps,Intermediate,3,3,10,20
Arms-crossed jump squat,Strength,Quadriceps,Intermediate,3,3,10,20
Bodyweight Reverse Lunge,Strength,Quadriceps,Intermediate,3,3,10,20
Bodyweight Walking Lunge,Strength,Quadriceps,Intermediate,3,3,10,20
Lateral lunge,Strength,Quadriceps,Intermediate,3,3,10,20
Thigh killa,Strength,Quadriceps,Intermediate,3,3,10,20
Wall squat,Strength,Quadriceps,Intermediate,3,3,10,20
Side Lunge Touching Heel,Strength,Quadriceps,Intermediate,3,3,10,20
Single-leg box squat,Strength,Quadriceps,Intermediate,3,3,10,20
Reverse Lunge Rotation,Strength,Quadriceps,Intermediate,3,3,10,20
Seal jack,Strength,Quadriceps,Intermediate,3,3,10,20
Kneeling quad thoracic stretch,Strength,Quadriceps,Intermediate,3,3,10,20
Wall sit,Strength,Quadriceps,Intermediate,3,3,10,20
Walking lunge with hip extension,Strength,Quadriceps,Intermediate,3,3,10,20
Squat with alternating side leg raise,Strength,Quadriceps,Intermediate,3,3,10,20
Lateral Squats,Strength,Quadriceps,Intermediate,3,3,10,20
Walking lunge with twist,Strength,Quadriceps,Intermediate,3,3,10,20
Boss Everline Backward Lunge Walk,Strength,Quadriceps,Intermediate,3,3,10,20
Reverse Diagonal Skaters,Strength,Quadriceps,Intermediate,3,3,10,20
FYR Air Squat,Strength,Quadriceps,Intermediate,3,3,10,20
FYR Tuck Jump,Strength,Quadriceps,Intermediate,3,3,10,20
Push-up sprawl tuck jump,Strength,Quadriceps,Intermediate,3,3,10,20
FYR Running Lunge,Strength,Quadriceps,Intermediate,3,3,10,20
FYR Jumping Lunge,Strength,Quadriceps,Intermediate,3,3,10,20
FYR Sprawl Frog Kick,Strength,Quadriceps,Intermediate,3,3,10,20
Jump squat-,Strength,Quadriceps,Intermediate,3,3,10,20
Single-leg burpee,Strength,Quadriceps,Intermediate,3,3,10,20
FYR Gorilla Squat,Strength,Quadriceps,Intermediate,3,3,10,20
Banded compass jump squat,Strength,Quadriceps,Intermediate,3,3,10,20
In-out sprawl,Strength,Quadriceps,Intermediate,3,3,10,20
Knee-tuck kick-up,Strength,Quadriceps,Intermediate,3,3,10,20
Bear crawl donkey kick,Strength,Quadriceps,Intermediate,3,3,10,20
Southpaw sprawl with push-up,Strength,Quadriceps,Intermediate,3,3,10,20
Bouncing lunge,Strength,Quadriceps,Intermediate,3,3,10,20
Bodyweight Squat - Gethin Variation,Strength,Quadriceps,Intermediate,3,3,10,20
FYR Alternating Lunge,Strength,Quadriceps,Intermediate,3,3,10,20
Bodyweight Walking Lunge - Gethin Variation,Strength,Quadriceps,Intermediate,3,3,10,20
Seated Quad Contraction,Strength,Quadriceps,Intermediate,3,3,10,20
HM Squat with Alternating Leg Extension,Strength,Quadriceps,Intermediate,3,3,10,20
HM Air Squat,Strength,Quadriceps,Intermediate,3,3,10,20
HM Alternating Jump Lunge,Strength,Quadriceps,Intermediate,3,3,10,20
HM Alternating Lunge-In-Place,Strength,Quadriceps,Intermediate,3,3,10,20
HM Alternating Side Lunge,Strength,Quadriceps,Intermediate,3,3,10,20
HM Sumo Pulse,Strength,Quadriceps,Intermediate,3,3,10,20
HM Sumo Squat,Strength,Quadriceps,Intermediate,3,3,10,20
HM Alternating Side-Kick,Strength,Quadriceps,Intermediate,3,3,10,20
HM Tuck-Up Burpee,Strength,Quadriceps,Intermediate,3,3,10,20
HM Bear Crawl,Strength,Quadriceps,Intermediate,3,3,10,20
HM Bear Stance Fire Hydrant,Strength,Quadriceps,Intermediate,3,3,10,20
HM Walking Frankenstein,Strength,Quadriceps,Intermediate,3,3,10,20
HM Wide Jump Squat,Strength,Quadriceps,Intermediate,3,3,10,20
HM Boxer Shuffle,Strength,Quadriceps,Intermediate,3,3,10,20
HM Bulgarian Split Squat On Chair,Strength,Quadriceps,Intermediate,3,3,10,20
HM Burpee,Strength,Quadriceps,Intermediate,3,3,10,20
HM Butterfly,Strength,Quadriceps,Intermediate,3,3,10,20
HM Alternating Lunge Push-Up,Strength,Quadriceps,Intermediate,3,3,10,20
HM Comet,Strength,Quadriceps,Intermediate,3,3,10,20
HM Couch Stretch,Strength,Quadriceps,Intermediate,3,3,10,20
HM Down Up,Strength,Quadriceps,Intermediate,3,3,10,20
HM Duck Walk,Strength,Quadriceps,Intermediate,3,3,10,20
HM Fragon,Strength,Quadriceps,Intermediate,3,3,10,20
HM Frankenstein,Strength,Quadriceps,Intermediate,3,3,10,20
HM Single-Leg Squat on Chair,Strength,Quadriceps,Intermediate,3,3,10,20
HM Single-Leg Touchdown,Strength,Quadriceps,Intermediate,3,3,10,20
HM Speed Skater,Strength,Quadriceps,Intermediate,3,3,10,20
HM Squat Jump,Strength,Quadriceps,Intermediate,3,3,10,20
HM Squat Lunge,Strength,Quadriceps,Intermediate,3,3,10,20
HM Garland Pose,Strength,Quadriceps,Intermediate,3,3,10,20
HM High Knees,Strength,Quadriceps,Intermediate,3,3,10,20
HM In-And-Out Squat,Strength,Quadriceps,Intermediate,3,3,10,20
HM In-And-Out Squat Jump,Strength,Quadriceps,Intermediate,3,3,10,20
HM Jumping Jack,Strength,Quadriceps,Intermediate,3,3,10,20
HM Jumping Knee-Up,Strength,Quadriceps,Intermediate,3,3,10,20
HM Jumping Rope,Strength,Quadriceps,Intermediate,3,3,10,20
HM Right Calf-Spike Sumo Pulse,Strength,Quadriceps,Intermediate,3,3,10,20
HM Reverse Lunge with Kick,Strength,Quadriceps,Intermediate,3,3,10,20
HM Left Knee-Up,Strength,Quadriceps,Intermediate,3,3,10,20
HM Left-Leg Lunge And Kick-Out,Strength,Quadriceps,Intermediate,3,3,10,20
HM Mountain Pose,Strength,Quadriceps,Intermediate,3,3,10,20
HM Butt Kickers,Strength,Quadriceps,Intermediate,3,3,10,20
HM Right-Leg Lunge And Kick-Out,Strength,Quadriceps,Intermediate,3,3,10,20
HM Sumo Get-Up,Strength,Quadriceps,Intermediate,3,3,10,20
AM Jump Squat,Strength,Quadriceps,Intermediate,3,3,10,20
AM Bodyweight Squat,Strength,Quadriceps,Intermediate,3,3,10,20
High knees sprawl drill,Strength,Quadriceps,Intermediate,3,3,10,20
UP Bulgarian Split Squat,Strength,Quadriceps,Intermediate,3,3,10,20
UN Forward Lunge,Strength,Quadriceps,Intermediate,3,3,10,20
UN Front Foot Elevated Split Squat,Strength,Quadriceps,Intermediate,3,3,10,20
UNS Half-Kneeling Hip Flexor Stretch,Strength,Quadriceps,Intermediate,3,3,10,20
UNS Low Depth Jump,Strength,Quadriceps,Intermediate,3,3,10,20
UNS Forward-To-Reverse Lunge,Strength,Quadriceps,Intermediate,3,3,10,20
Holman Towel Squat Thrust,Strength,Quadriceps,Intermediate,3,3,10,20
Holman Towel Alternating Prisoner Squat,Strength,Quadriceps,Intermediate,3,3,10,20
Holman Towel Alternating Lateral Lunge,Strength,Quadriceps,Intermediate,3,3,10,20
Holman Squat Pull-Through Jump,Strength,Quadriceps,Intermediate,3,3,10,20
Holman 180 Jump,Strength,Quadriceps,Intermediate,3,3,10,20
Holman Foot-Elevated Knee-Up to Squat,Strength,Quadriceps,Intermediate,3,3,10,20
Holman Feet-Elevated Squat Thrust,Strength,Quadriceps,Intermediate,3,3,10,20
Holman Hands-Elevated Lunge Jump,Strength,Quadriceps,Intermediate,3,3,10,20
Holman Hands-Elevated Jack to Split Jump,Strength,Quadriceps,Intermediate,3,3,10,20
Holman Hands-Elevated Wide Squat Thrust,Strength,Quadriceps,Intermediate,3,3,10,20
Holman Hands-Elevated Squat Thrust to Split Jack,Strength,Quadriceps,Intermediate,3,3,10,20
Holman Squat Jump,Strength,Quadriceps,Intermediate,3,3,10,20
Holman Squat Pulse,Strength,Quadriceps,Intermediate,3,3,10,20
Holman Jump-Out Push-Up,Strength,Quadriceps,Intermediate,3,3,10,20
Holman Alternating Forward Lunge,Strength,Quadriceps,Intermediate,3,3,10,20
Holman Burpee to Jump,Strength,Quadriceps,Intermediate,3,3,10,20
Holman Pilates Single-Leg Stretch,Strength,Quadriceps,Intermediate,3,3,10,20
Holman Alternating Reverse Prisoner Lunge,Strength,Quadriceps,Intermediate,3,3,10,20
Holman Narrow-Wide Squat Jump to 180 Jump,Strength,Quadriceps,Intermediate,3,3,10,20
Holman 180 Jump to Lunge,Strength,Quadriceps,Intermediate,3,3,10,20
Holman Imaginary Jump Rope,Strength,Quadriceps,Intermediate,3,3,10,20
Holman Fast Feet with Hands Up,Strength,Quadriceps,Intermediate,3,3,10,20
Holman Hands-Elevated Alternating Lunge Jump,Strength,Quadriceps,Intermediate,3,3,10,20
Holman Right Split Lunge,Strength,Quadriceps,Intermediate,3,3,10,20
Holman Left Split Lunge,Strength,Quadriceps,Intermediate,3,3,10,20
Holman Plyometric Jump,Strength,Quadriceps,Intermediate,3,3,10,20
Holman Quad Touch Jump,Strength,Quadriceps,Intermediate,3,3,10,20
Holman Skate,Strength,Quadriceps,Intermediate,3,3,10,20
Holman Lunge Jump,Strength,Quadriceps,Intermediate,3,3,10,20
Holman Flying Squat Thrust,Strength,Quadriceps,Intermediate,3,3,10,20
Holman 90-Degree Jump,Strength,Quadriceps,Intermediate,3,3,10,20
Holman Half Jack to 180 Jump,Strength,Quadriceps,Intermediate,3,3,10,20
Holman Quick Feet to Quad Touch Jump,Strength,Quadriceps,Intermediate,3,3,10,20
Holman Squat Thrust to Push-Up to Super Woman,Strength,Quadriceps,Intermediate,3,3,10,20
Holman Plyometric Jump to 180 Jump,Strength,Quadriceps,Intermediate,3,3,10,20
Holman Standing Heel Click to Hands Down Heel Click,Strength,Quadriceps,Intermediate,3,3,10,20
Holman Burpee to 180 Jump,Strength,Quadriceps,Intermediate,3,3,10,20
Holman Traveling Low Jack to Belly Touch,Strength,Quadriceps,Intermediate,3,3,10,20
Holman Flying Squat Thrust to Shoulder Tap,Strength,Quadriceps,Intermediate,3,3,10,20
Holman Squat Jump to Alternating Side Lunge Jump,Strength,Quadriceps,Intermediate,3,3,10,20
Holman Low Squat with Low Diagonal Dumbbell Punch,Strength,Quadriceps,Intermediate,3,3,10,20
Holman Right Leg Hop to Right Reverse Lunge,Strength,Quadriceps,Intermediate,3,3,10,20
Holman Left Leg Hop to Left Reverse Lunge,Strength,Quadriceps,Intermediate,3,3,10,20
Holman Burpee to Open Stance,Strength,Quadriceps,Intermediate,3,3,10,20
Holman Diagonal Squat Thrust to Renegade Forward Punch,Strength,Quadriceps,Intermediate,3,3,10,20
Holman Bear Crawl,Strength,Quadriceps,Intermediate,3,3,10,20
Holman Bear Crawl to Donkey Kick,Strength,Quadriceps,Intermediate,3,3,10,20
Holman Bear Crawl to Froggy Push-Up,Strength,Quadriceps,Intermediate,3,3,10,20
Holman Bear Crawl to Shoulder Tap,Strength,Quadriceps,Intermediate,3,3,10,20
Holman Burpee to Tuck Jump,Strength,Quadriceps,Intermediate,3,3,10,20
Holman Burpee to Flying Squat Thrust to Tuck Jump,Strength,Quadriceps,Intermediate,3,3,10,20
Holman Forward Lunge to Reverse Lunge,Strength,Quadriceps,Intermediate,3,3,10,20
Holman Renegade Lunge Jump,Strength,Quadriceps,Intermediate,3,3,10,20
Holman Squat Jump to Lunge Jump,Strength,Quadriceps,Intermediate,3,3,10,20
Holman Prisoner Reverse Lunge,Strength,Quadriceps,Intermediate,3,3,10,20
Holman Wide-to-Narrow Squat Jump,Strength,Quadriceps,Intermediate,3,3,10,20
Holman Donkey Run,Strength,Quadriceps,Intermediate,3,3,10,20
Holman Weighted Wide-to-Narrow Squat Jump,Strength,Quadriceps,Intermediate,3,3,10,20
Holman Wide-to-Narrow Donkey Kick,Strength,Quadriceps,Intermediate,3,3,10,20
Holman Mule Kick,Strength,Quadriceps,Intermediate,3,3,10,20
Holman Goal Post to Squat,Strength,Quadriceps,Intermediate,3,3,10,20
Holman Frogger Squat to Heel Click,Strength,Quadriceps,Intermediate,3,3,10,20
Holman Stair Sprint,Strength,Quadriceps,Intermediate,3,3,10,20
Holman Stair Bear Crawl,Strength,Quadriceps,Intermediate,3,3,10,20
Holman Burpee to Flying Squat Thrust,Strength,Quadriceps,Intermediate,3,3,10,20
Holman Flying Squat Thrust to Push-Up,Strength,Quadriceps,Intermediate,3,3,10,20
Holman Foot-Elevated Step-To-Lunge,Strength,Quadriceps,Intermediate,3,3,10,20
Holman Split Lunge,Strength,Quadriceps,Intermediate,3,3,10,20
Holman Stair Climb,Strength,Quadriceps,Intermediate,3,3,10,20
Holman Burpee to Flying Jack,Strength,Quadriceps,Intermediate,3,3,10,20
Holman Right Reverse Lunge,Strength,Quadriceps,Intermediate,3,3,10,20
Holman Left Reverse Lunge,Strength,Quadriceps,Intermediate,3,3,10,20
Holman Squat Tap to Hop,Strength,Quadriceps,Intermediate,3,3,10,20
Holman Squat Tap to Jump-Forward-Jump-Back,Strength,Quadriceps,Intermediate,3,3,10,20
Holman Squat Hip Drive,Strength,Quadriceps,Intermediate,3,3,10,20
Holman Alternating Double Lunge Hop,Strength,Quadriceps,Intermediate,3,3,10,20
Holman Right Reverse Lunge to Front Kick,Strength,Quadriceps,Intermediate,3,3,10,20
Holman Right Leg Forward Lunge Hop,Strength,Quadriceps,Intermediate,3,3,10,20
Holman Right Squat Thrust,Strength,Quadriceps,Intermediate,3,3,10,20
Holman Left Reverse Lunge to Front Kick,Strength,Quadriceps,Intermediate,3,3,10,20
Holman Left Leg Forward Lunge Hop,Strength,Quadriceps,Intermediate,3,3,10,20
Holman Left Side Diagonal Burpee,Strength,Quadriceps,Intermediate,3,3,10,20
Holman Left Squat Thrust,Strength,Quadriceps,Intermediate,3,3,10,20
Holman Wide Squat Thrust,Strength,Quadriceps,Intermediate,3,3,10,20
Holman Alternating Single-Leg Hop to Squat to 180 Jump,Strength,Quadriceps,Intermediate,3,3,10,20
Holman Right Lunge Hop to Chest Press,Strength,Quadriceps,Intermediate,3,3,10,20
Holman Left Lunge Hop to Overhead Press,Strength,Quadriceps,Intermediate,3,3,10,20
Holman 180 Jump Hop Forward Hop Back,Strength,Quadriceps,Intermediate,3,3,10,20
Holman Right Split Squat,Strength,Quadriceps,Intermediate,3,3,10,20
Holman Left Split Squat,Strength,Quadriceps,Intermediate,3,3,10,20
Holman Double Squat Pulse to 180 Jump,Strength,Quadriceps,Intermediate,3,3,10,20
Holman Towel Left Side Squat,Strength,Quadriceps,Intermediate,3,3,10,20
Holman Alternating Lunge Jump,Strength,Quadriceps,Intermediate,3,3,10,20
Holman Lunge Jump to Squat Jump,Strength,Quadriceps,Intermediate,3,3,10,20
Holman Burpee with Belly Touch,Strength,Quadriceps,Intermediate,3,3,10,20
Bootstrapper squat,Strength,Quadriceps,Intermediate,3,3,10,20
Total Fitness Broad Jump,Strength,Quadriceps,Intermediate,3,3,10,20
Total Fitness Lateral Lunge,Strength,Quadriceps,Intermediate,3,3,10,20
Lateral shuffle,Strength,Quadriceps,Intermediate,3,3,10,20
Total Fitness Skip,Strength,Quadriceps,Intermediate,3,3,10,20
Total Fitness Spider Lunge,Strength,Quadriceps,Intermediate,3,3,10,20
Spider lunge stretch,Strength,Quadriceps,Intermediate,3,3,10,20
Spider lunge with T-rotation,Strength,Quadriceps,Intermediate,3,3,10,20
Standing quad stretch,Strength,Quadriceps,Intermediate,3,3,10,20
Vertical jump,Strength,Quadriceps,Intermediate,3,3,10,20
King Maker Burpee,Strength,Quadriceps,Intermediate,3,3,10,20
King Maker Explosive High Jump,Strength,Quadriceps,Intermediate,3,3,10,20
Muscle Beach Skip,Strength,Quadriceps,Intermediate,3,3,10,20
Muscle Beach Broad Jump,Strength,Quadriceps,Intermediate,3,3,10,20
Muscle Beach Sprint,Strength,Quadriceps,Intermediate,3,3,10,20
Muscle Beach Front Kick,Strength,Quadriceps,Intermediate,3,3,10,20
Muscle Beach Side Kick,Strength,Quadriceps,Intermediate,3,3,10,20
Muscle Beach Spin Kick,Strength,Quadriceps,Intermediate,3,3,10,20
Muscle Beach Freestyle Kick,Strength,Quadriceps,Intermediate,3,3,10,20
MetaBurn Alternating Curtsy Lunge To Squat,Strength,Quadriceps,Intermediate,3,3,10,20
MetaBurn Alternating Curtsy Lunge With High Knee,Strength,Quadriceps,Intermediate,3,3,10,20
MetaBurn Alternating Diagonal Sprawl,Strength,Quadriceps,Intermediate,3,3,10,20
MetaBurn Alternating Lateral Sprawl,Strength,Quadriceps,Intermediate,3,3,10,20
MetaBurn Curtsy Lunge,Strength,Quadriceps,Intermediate,3,3,10,20
MetaBurn Frogger,Strength,Quadriceps,Intermediate,3,3,10,20
MetaBurn High Knee Rotation,Strength,Quadriceps,Intermediate,3,3,10,20
MetaBurn Side-To-Side Lunge,Strength,Quadriceps,Intermediate,3,3,10,20
MetaBurn Star Jump,Strength,Quadriceps,Intermediate,3,3,10,20
MetaBurn Tuck Jump With Knee Slap,Strength,Quadriceps,Intermediate,3,3,10,20
MetaBurn Lateral Bounding Hop,Strength,Quadriceps,Intermediate,3,3,10,20
MetaBurn Double Lunge,Strength,Quadriceps,Intermediate,3,3,10,20
Robertson Sprinter Step-Up,Strength,Quadriceps,Intermediate,3,3,10,20
FYR2 Front Kick-Through,Strength,Quadriceps,Intermediate,3,3,10,20
Lunge high-knee clap,Strength,Quadriceps,Intermediate,3,3,10,20
FYR2 Plyo Split Squat,Strength,Quadriceps,Intermediate,3,3,10,20
FYR2 Reverse Burpee,Strength,Quadriceps,Intermediate,3,3,10,20
FYR2 Reverse Burpee to Regular Burpee,Strength,Quadriceps,Intermediate,3,3,10,20
FYR2 Reverse Burpee Tuck Jump,Strength,Quadriceps,Intermediate,3,3,10,20
FYR2 Sprawlee,Strength,Quadriceps,Intermediate,3,3,10,20
FYR2 Squat Hold,Strength,Quadriceps,Intermediate,3,3,10,20
FYR2 Squat Jump,Strength,Quadriceps,Intermediate,3,3,10,20
FYR2 Squat Pulse,Strength,Quadriceps,Intermediate,3,3,10,20
Sprinter burpee,Strength,Quadriceps,Intermediate,3,3,10,20
Shuttle run training,Strength,Quadriceps,Intermediate,3,3,10,20
Return Push from Stance,Plyometrics,Shoulders,Intermediate,3,3,10,20
Wall sprawl,Plyometrics,Shoulders,Intermediate,3,3,10,20
Handstand push-up,Strength,Shoulders,Intermediate,3,3,10,20
Hand Stand Push-Up,Strength,Shoulders,Intermediate,3,3,10,20
Wall walk,Strength,Shoulders,Intermediate,3,3,10,20
Wall shoulder tap,Strength,Shoulders,Intermediate,3,3,10,20
Bear crawl shoulder tap,Strength,Shoulders,Intermediate,3,3,10,20
Shoulder L,Strength,Shoulders,Intermediate,3,3,10,20
TBS Inverted Row,Strength,Shoulders,Intermediate,3,3,10,20
HM Arm Circle,Strength,Shoulders,Intermediate,3,3,10,20
HM Hand-On-Wall Stretch,Strength,Shoulders,Intermediate,3,3,10,20
HM Jumping Arm Circle,Strength,Shoulders,Intermediate,3,3,10,20
Kipping Clapping Pull-Up,Strength,Shoulders,Intermediate,3,3,10,20
Holman Kneeling Overhead Press to Donkey Kick,Strength,Shoulders,Intermediate,3,3,10,20
Floor angel,Strength,Shoulders,Intermediate,3,3,10,20
Shoulder extension stretch,Strength,Shoulders,Intermediate,3,3,10,20
Triceps dip,Strength,Triceps,Intermediate,3,3,10,20
Weighted bench dip,Strength,Triceps,Intermediate,3,3,10,20
Push-Ups - Close Triceps Position,Strength,Triceps,Intermediate,3,3,10,20
Parallel Bar Dip,Strength,Triceps,Intermediate,3,3,10,20
Ring dip,Strength,Triceps,Intermediate,3,3,10,20
Feet-elevated bench dip,Strength,Triceps,Intermediate,3,3,10,20
Bodyweight triceps press,Strength,Triceps,Intermediate,3,3,10,20
Standing Towel Triceps Extension,Strength,Triceps,Beginner,3,3,10,20
Russian Bar Dip,Strength,Triceps,Intermediate,3,3,10,20
Straight-arm plank with kick-back,Strength,Triceps,Intermediate,3,3,10,20
TBS Dip,Strength,Triceps,Intermediate,3,3,10,20
Bench Dips - Gethin Variation,Strength,Triceps,Intermediate,3,3,10,20
Banded dip,Strength,Triceps,Intermediate,3,3,10,20
Bench Dip - Gethin Variation,Strength,Triceps,Intermediate,3,3,10,20
HM Chair Dip,Strength,Triceps,Intermediate,3,3,10,20
Bench dip,Strength,Triceps,Intermediate,3,3,10,20
Holman Step Triceps Dip,Strength,Triceps,Intermediate,3,3,10,20
Holman Chair Triceps Dip,Strength,Triceps,Intermediate,3,3,10,20
Bodyweight Triceps Rope Press,Strength,Triceps,Intermediate,3,3,10,20
Holman Heavy Triceps Overhead Press,Strength,Triceps,Intermediate,3,3,10,20
Holman Couch Triceps Dip,Strength,Triceps,Intermediate,3,3,10,20
FYR2 Triceps Push-Up,Strength,Triceps,Intermediate,3,3,10,20
30 Arms Triceps Dip,Strength,Triceps,Intermediate,3,3,10,20
30 Arms Close-Grip Push-Up,Strength,Triceps,Intermediate,3,3,10,20
30 Arms BFR Close-Grip Push-Up,Strength,Triceps,Intermediate,3,3,10,20
